timestamp_sec,icX_left,icY_left,icZ_left,igX_left,igY_left,igZ_left,icX_right,icY_right,icZ_right,igX_right,igY_right,igZ_right,stimulus_order_from_viewers,reference_fixation_id
-0.0273012,-69.9416804000601,-80.59267469884247,-822.7202154284103,-0.0175525020519848,-0.0021047504024887,-0.9998437276382032,-10.04372980252175,-80.93990263070694,-824.5900134207111,-0.006524035250945,-0.0232013142217107,-0.9997095258035854,,
-0.0188988,-69.9416804000601,-80.59267469884247,-822.7202154284103,-0.0175525020519848,-0.0021047504024887,-0.9998437276382032,-10.035945815571118,-80.95707034244178,-824.5939573173439,0.0027175973007427,0.0024765849018763,-0.999993240573222,,
-0.010674,-69.93387792980906,-80.5801867755702,-822.6956436515799,-0.0190172140527441,-0.0030997511065029,-0.9998143513236591,-10.036578726813964,-80.95197636715955,-824.6025750878891,0.0030070631824801,7.2510938014663795e-06,-0.999995478748998,,
2.4643618,-67.28199949677143,-65.72769711741057,-815.9623179183911,0.1253912295110179,-0.1765820264864737,-0.976266268742112,-5.499262947877455,-75.97699626380235,-818.6140954155385,0.0328376667168072,-0.239749889979075,-0.9702791752375276,,
2.472697,-67.28199949677143,-65.72769711741057,-815.9623179183911,0.1253912295110179,-0.1765820264864737,-0.976266268742112,-5.149391867972764,-74.34443458679712,-817.8999266241311,0.0370541860842693,-0.256897023624919,-0.9657281742531332,,
2.4810729,-67.28199949677143,-65.72769711741057,-815.9623179183911,0.1253912295110179,-0.1765820264864737,-0.976266268742112,-5.133685737279762,-74.3749388264555,-817.9187981575747,0.0320225298928357,-0.2439091035879382,-0.9692692643255488,,
3.2394771,-57.32383196267454,-54.83557476849231,-808.8211810212491,0.0651646118469095,-0.2275685120966024,-0.9715792019516368,8.726709822537863,-57.17475987060055,-808.8054624487409,0.0470098383860238,-0.270834994524079,-0.96147723885491,,
3.2477,-57.34077342601225,-54.83449996541855,-808.790881478893,0.0680227349037193,-0.2263067071195987,-0.9716780237552468,8.718624767925256,-57.15491445165534,-808.7539144486585,0.0381690842104619,-0.2767764560194609,-0.9601759809554922,,
3.2560738,-57.353090018926906,-54.838444314070806,-808.8148040810651,0.0702610493698085,-0.2246145422132628,-0.9719113603450572,8.711490343317223,-57.16736615787804,-808.7864977220997,0.0521205664634545,-0.2746588946671752,-0.9601280842323766,,
3.2644504,-61.68348900374109,-54.33837155299402,-807.9962356633484,0.0514920247584121,-0.2256715603744092,-0.9728416717146005,8.714911690955983,-57.168068077916246,-808.7920814677443,0.0455495327900769,-0.2738543618376768,-0.9606919530031904,,
3.2726965,-61.703237921285925,-54.33979644710202,-807.9873068604196,0.060507443634825,-0.2267050197912838,-0.9720821381273352,-2.571784952094873,-63.13866668187591,-807.9528838642909,0.0187157713220899,-0.2857155320840587,-0.95813170004428,,
3.2810741,-61.708788201964175,-54.31209241884925,-807.9728856952189,0.0471558143670818,-0.2311178183534949,-0.9717823229565856,-2.574365698160093,-63.15113325985439,-807.974485125575,0.03190777021877,-0.2792307046455247,-0.9596937572907462,,
3.2894659,-61.7118108824873,-54.33285508227782,-807.9908404510246,0.0467533041618572,-0.2326753258074915,-0.971430039328786,-2.5744104201659184,-63.170721984041165,-807.9920904564643,0.0286757185196749,-0.2736952370818961,-0.9613889017281534,,
3.2976966,-61.7118108824873,-54.33285508227782,-807.9908404510246,0.0467533041618572,-0.2326753258074915,-0.971430039328786,-2.578730232620796,-63.13395942356304,-807.9284960364498,0.0237149315511305,-0.285288706294646,-0.9581481910864584,,
3.3060712,-61.7118108824873,-54.33285508227782,-807.9908404510246,0.0467533041618572,-0.2326753258074915,-0.971430039328786,12.569079775554512,-54.49686407234229,-808.3570243936396,0.0488347567457163,-0.2718150519409108,-0.96110964206585,,
3.314452,-61.7118108824873,-54.33285508227782,-807.9908404510246,0.0467533041618572,-0.2326753258074915,-0.971430039328786,12.561609271791864,-54.500035566961145,-808.3513195500027,0.0526788468021266,-0.2643969231993164,-0.9629741461235252,,
3.3227002,-61.7118108824873,-54.33285508227782,-807.9908404510246,0.0467533041618572,-0.2326753258074915,-0.971430039328786,12.568786214819283,-54.47830661308375,-808.3143621781423,0.0330904868490793,-0.2836124986480426,-0.9583678679352226,,
4.0810709,-59.84620162947553,-44.7824399651424,-808.1348261553969,-0.0272948587079836,-0.1442546729619285,-0.9891640814428908,8.492031214226358,-59.46148567984831,-806.2424273658349,0.005111218157898,-0.1779165811914391,-0.9840322990563328,,
4.0894485,-59.85280762549672,-44.78046787842648,-808.1375284744961,-0.0243739145068497,-0.1422332464370599,-0.9895330292110452,8.496394594088972,-59.44085124672246,-806.2283822830569,0.0011530183942811,-0.1829703196485181,-0.9831177613471852,,
4.0976941,-59.87129060546139,-44.77039695014254,-808.1340694113236,-0.0248071242304475,-0.1407322349050409,-0.9897368562633442,8.489493376693687,-59.38709469769425,-806.1173289033504,0.0003722876122452,-0.1779336283025094,-0.9840424204885876,,
4.1060962,-59.865704655102576,-44.73424207068041,-808.103258362012,-0.0309908465189364,-0.1337895772913059,-0.9905250710811178,-0.9300901618423154,-64.691043396237,-806.3446639471814,-0.0076861400946439,-0.1803613244895383,-0.9835703919287244,,
4.1144475,-56.52258008563097,-55.428616948304,-807.28865701573,-0.0295783404445866,-0.1463545570934032,-0.9887898995208932,-0.9215482604272792,-64.67660425846259,-806.322486806061,-0.0095190994781008,-0.1799428786090185,-0.9836310015361583,,
4.1226973,-56.51869715495917,-55.40720684957925,-807.2625886591667,-0.0343115338842082,-0.1545156965600837,-0.9873943579740896,-0.92687950788552,-64.6356010006162,-806.2519399829674,-0.0181165709334873,-0.1812934231769352,-0.9832621647202744,,
4.1310714,-56.52721146623921,-55.42274847374987,-807.2824091437132,-0.0253811280311711,-0.1534813535557769,-0.9878255273329152,-0.9214229923755184,-64.65841210938983,-806.3200764337624,-0.008575310972462,-0.1821629923349516,-0.9832309536753312,,
4.1394445,-56.52932155575248,-55.3925601994015,-807.2545352920881,-0.0276873813987316,-0.1525523049468286,-0.98790748714983,15.1600853753365,-60.25180151476952,-806.3739863410449,0.0120713956220707,-0.1734200228819587,-0.9847739725801836,,
4.1476964,-57.31437166961942,-55.29709237593922,-806.397306123584,-0.0329590632706266,-0.1554275292315236,-0.987297312518021,15.148267290873513,-60.22346251018972,-806.3179865537535,0.0003612332367137,-0.181104215072768,-0.9834638441719272,,
4.156127,-57.31627758283209,-55.3068789599624,-806.406644167871,-0.0263329443353869,-0.1492853347678143,-0.9884434555734036,15.151868125354843,-60.24206406790039,-806.3617345830662,0.0128601038704943,-0.1756218690241134,-0.9843736977636676,,
4.1644524,-57.31511111768573,-55.292855922093125,-806.3846293470069,-0.0285405479143732,-0.1489277322368885,-0.9884361222130262,15.153727754797991,-60.23488152959419,-806.3570689251972,0.0123507379232304,-0.179366947936892,-0.9837047103986823,,
4.1726995,-57.31720455042599,-55.27672998146214,-806.3823434799684,-0.0281146426566729,-0.1495407918429132,-0.988355765118655,16.13277955922435,-55.34716104251301,-806.6392722738942,0.0042849665794916,-0.1723288086688726,-0.9850301623626454,,
4.1810735,-57.32376699687865,-55.31052746511109,-806.4080852624519,-0.0298701474469624,-0.1511176481127568,-0.9880643859184308,16.137210347027867,-55.3627528122023,-806.6895385716404,0.013830806566356,-0.1669509145339701,-0.985868196528316,,
4.1894485,-60.56094106044559,-56.65439461266949,-805.7843771055045,-0.0343718006702203,-0.1593662381656425,-0.9866209917955416,16.144271604352532,-55.36507713356039,-806.7031983931623,0.0143941673994039,-0.1688964639374006,-0.9855286867536224,,
4.197928,-60.55504855230745,-56.64666300435936,-805.7784649952133,-0.0296632941351071,-0.1561758949110004,-0.9872837377521224,16.1317441332906,-55.32579231228218,-806.6128251851164,0.0110766110082265,-0.1750850913017329,-0.984490995130192,,
4.2060703,-60.55033555849771,-56.653467669144135,-805.7759354193843,-0.0350078999307037,-0.1535603419819091,-0.9875189457994418,12.823557677112415,-58.98645390415354,-806.1547892640467,0.0100157969707832,-0.174279011577163,-0.9846453726772532,,
4.2144489,-60.54391294009237,-56.63325562292155,-805.7480066854554,-0.0345014265257963,-0.1497343038895769,-0.9881241267201144,12.823820433401025,-58.982722076359536,-806.1391809219077,0.0147821218535592,-0.1747624576353931,-0.9844996558022476,,
4.2226991,-63.54059657928647,-51.07668038066657,-806.45175000922,-0.0360687950530616,-0.1497776899420395,-0.9880615798719464,12.8226311175572,-58.95683116076367,-806.0810852118223,0.0039046516645202,-0.180834862884893,-0.9835057224341812,,
4.2310754,-63.530812757192535,-51.046703678562096,-806.4151795934805,-0.0410604908952564,-0.1455612089575207,-0.9884968237350414,12.828264806311047,-58.98717703462272,-806.1478155714826,0.0120192639292901,-0.1703812520157535,-0.9853049102973872,,
4.2394466,-63.536932282062,-51.05959636140059,-806.4219612066802,-0.0378343721710985,-0.1549158728902777,-0.9872029338535528,0.7194480653322302,-59.61848251081767,-806.2961816588295,-0.003381157689539,-0.1722251390313389,-0.9850518104436506,,
4.247697,-63.52946962515697,-51.07641843369932,-806.4351504560569,-0.0378173701195113,-0.1453504763628067,-0.9886572133648492,0.7185390421824636,-59.569458442251154,-806.1973732012698,-0.0072145971429787,-0.1829483917434429,-0.9830960459418764,,
4.2561434,-69.84833296140143,-52.34193986091161,-806.0275056443137,-0.0522666824358318,-0.1469246709517925,-0.9877658300289897,0.7266642061260882,-59.60809650703701,-806.2874247461448,-0.0031936168677847,-0.176421706461318,-0.984309495179528,,
4.2644456,-69.84328291899226,-52.33788836618929,-806.0193660900227,-0.0503474949534818,-0.1518021592912928,-0.9871277699398442,0.7248495817823724,-59.61111002019767,-806.3020913615202,-0.0029486699039135,-0.1774160970264549,-0.9841315124828068,,
4.2726943,-69.84613709862124,-52.32571967859288,-806.010022013764,-0.0487940123101069,-0.1537869046700375,-0.986898542057232,-4.075176867538964,-58.66776895471059,-807.067948839861,-0.0127121832959119,-0.1766207745340097,-0.9841968819290466,,
4.2811326,-69.84569405880178,-52.34498635604983,-806.0158492782933,-0.0462872818699012,-0.1523053979440587,-0.9872489824224676,-4.067913001953059,-58.69354203681096,-807.1296308548393,-0.0067991708936859,-0.1715462423199362,-0.9851526064631144,,
4.289452,-61.688703514754096,-57.397007578964434,-806.742156260033,-0.0425285522982841,-0.1595724514936897,-0.9862697171482588,-4.069211204190683,-58.685154326525726,-807.1251917739928,-0.0100178242057682,-0.175278223919446,-0.9844679717582624,,
4.2976953,-61.68451660276863,-57.40825341579206,-806.7771865142072,-0.0446401080127332,-0.1512039075666727,-0.9874941210423384,-4.067547043389489,-58.66796313171669,-807.069167533669,-0.0158446146789693,-0.1790927043340135,-0.9837046057836696,,
4.3060743,-61.68311622393298,-57.39340062557184,-806.7624902721016,-0.0451462095452995,-0.150496514755297,-0.9875791709074268,7.931134997946938,-55.5745023382288,-807.2696620947698,0.0027009540983927,-0.1690871709510772,-0.9855973992796044,,
4.3144533,-61.68610435471688,-57.39465189282232,-806.7694987727951,-0.0489164572529873,-0.1610527094913677,-0.9857328263659002,7.929648005868593,-55.56003907907866,-807.2440662988873,0.0025818300858152,-0.1688955077009888,-0.9856305807105586,,
4.3227029,-61.68844283018408,-57.40591189383186,-806.7542242012429,-0.0397372156324288,-0.1509797222258213,-0.9877378585284636,7.922981442048723,-55.5536472880763,-807.2278778978523,-0.0018251311149154,-0.1737155754624074,-0.9847941753169428,,
4.3310726,-64.10387312099411,-54.553112373924414,-806.2714886258657,-0.0514976281684912,-0.1507829787769244,-0.9872246388761664,7.927561575622072,-55.54670069381941,-807.2274995715993,0.0052578942938132,-0.1696938911097668,-0.985482794303189,,
4.339756,-64.10250271523303,-54.56077082308126,-806.2679015696692,-0.0445895788525311,-0.1516121119488291,-0.9874338139683942,11.373162476276978,-53.21071991643245,-807.3147284609566,0.0110582198299274,-0.1662405687422163,-0.9860232193404258,,
4.347722,-64.10549410730803,-54.55943629882093,-806.2718211879495,-0.0487892250157794,-0.1482929493296882,-0.9877392432729714,11.37064144140762,-53.20102577047327,-807.2791061993311,-0.0010033336004862,-0.1699438320790869,-0.985453239509598,,
4.356133,-64.10140002082551,-54.56273988820393,-806.2634653031971,-0.0400896586755691,-0.1535016713764405,-0.9873348247438226,11.37525589701437,-53.20383350674612,-807.3218209103087,0.0068657619282361,-0.1675239286131969,-0.9858441026121448,,
4.3644827,-67.15255873583865,-59.837811521512144,-805.4190564641315,-0.0496464987218822,-0.154946118209759,-0.9866746807415226,11.372138948654047,-53.20736891427576,-807.3173386585675,0.0084913081455804,-0.1682287770665645,-0.985711406169506,,
4.3726963,-67.15354716830413,-59.84255837759682,-805.4197368628694,-0.0478572333437283,-0.1578563028550688,-0.9863017149258196,-2.6331700218299403,-60.74965340571151,-807.0657799321738,-0.0101248350705647,-0.1776287352019888,-0.98404548682738,,
4.381072,-67.15692395049213,-59.84512286798593,-805.4476865614911,-0.049150122551022,-0.1535345001492629,-0.9869201703872178,-2.630733916023853,-60.77297691445232,-807.1330033198542,-0.0075176780303183,-0.1740761321772764,-0.9847035009195568,,
4.3894734,-67.15755118176524,-59.84347862836371,-805.4507286446737,-0.0485539469580605,-0.1555610053994757,-0.9866322961640258,-2.630324038956715,-60.75644027404371,-807.1249268687664,-0.0061495185983214,-0.1775074035370338,-0.9841002515549672,,
4.3977051,-61.82943220513714,-59.536962008904,-806.5800385603742,-0.0473493754363459,-0.1600660714084915,-0.9859700246100992,-2.6297465182931425,-60.74078099636329,-807.0853924508756,-0.0142361710194455,-0.1801291486732013,-0.983539943892963,,
4.4060712,-61.82586971728031,-59.550065753216856,-806.5951617015189,-0.0393846866403918,-0.1562127717048514,-0.9869378989655456,2.869434749898893,-56.647005167923965,-807.5857776478734,-0.0024205954801109,-0.1751543722998911,-0.9845380066720396,,
4.4144449,-61.82534355443762,-59.53499396058278,-806.5652534471416,-0.0500364033055825,-0.1539231064643126,-0.9868150969865718,2.8770372235765684,-56.63174965405749,-807.5670687571801,-0.0053070412346508,-0.1675954145349495,-0.9858415756804902,,
4.4227235,-61.82793287597559,-59.53924015851311,-806.5672373862012,-0.0478053260358857,-0.1570723310269841,-0.9864293860324476,2.867011679779065,-56.63487996877275,-807.5126951043385,-0.0047302215255409,-0.1721213139700304,-0.985064403113598,,
4.4310704,-65.1607700397667,-51.20876339686114,-806.9821014999408,-0.0443430806435405,-0.1414557005738005,-0.988950947203255,2.864282601120337,-56.6895069856396,-807.5948847906099,-0.0049775318148283,-0.1693715627366184,-0.985539698801214,,
4.4397632,-65.14232800096696,-51.2537212130636,-806.9827878735181,-0.0439667481857095,-0.1346630982700229,-0.9899155393357012,7.295180567828112,-53.61453566382943,-807.4304133677084,0.0015381191822495,-0.1645172007600429,-0.9863730150624866,,
4.4477712,-65.14273768299395,-51.25358339840795,-806.9810915491569,-0.0437740302585352,-0.1389920184368702,-0.9893255546511316,7.290119057988456,-53.5679689169813,-807.3436516855895,-0.004703948368248,-0.1660005365457047,-0.9861144430218464,,
4.4560723,-65.14364258603585,-51.25507043554062,-806.9939763033655,-0.0470718912724289,-0.1331822523457798,-0.9899730929233084,7.28588184994911,-53.62965756368036,-807.4555665524865,0.0017159359852193,-0.1618642165116616,-0.986811547853368,,
4.464449,-65.1460559275403,-51.24790228111517,-806.9718311342309,-0.0451245770951057,-0.1309927640508212,-0.9903558291383524,7.29360722801837,-53.62007618154025,-807.4469216736458,0.0015840623661591,-0.1607757043257869,-0.9869896978413536,,
4.4726999,-70.76900536314334,-48.42759591655657,-806.8222400736589,-0.0571273392885986,-0.1305937545974043,-0.989788734208446,0.489819069926444,-57.78802269600416,-807.1813437491569,-0.0112166346571753,-0.1693325567448312,-0.985495140694882,,
4.4812184,-70.76973302669509,-48.41328749685598,-806.8021947286604,-0.0535263411045712,-0.1313779799274487,-0.9898862344724972,0.4924135304951704,-57.82838790215138,-807.2637871063525,-0.0099693812161628,-0.1656223080273452,-0.986138865739436,,
4.4894549,-70.76942079502494,-48.40997710583224,-806.8219471223774,-0.0595494928124746,-0.13069771281029,-0.989632237637768,0.496205231098056,-57.84160045747477,-807.3015666231329,-0.0126064969102278,-0.1635396398910522,-0.9864562141422988,,
4.4977329,-70.77258802214935,-48.41244871496953,-806.8022967822699,-0.0528444362339438,-0.129926844269688,-0.990114377583336,0.4957140683940615,-57.77636655742852,-807.166429347668,-0.0131658237729693,-0.1701279251130618,-0.9853340297488477,3,
4.5060877,-69.55709679579219,-50.79243537066857,-807.0491356639245,-0.0568122730192963,-0.1375564968451789,-0.988863274578474,-5.765193565219853,-60.06471644792673,-807.3608924166979,-0.0176180756290692,-0.1713522405078711,-0.985052289517699,3,
4.5144518,-69.56100242136867,-50.8000305792234,-807.0561872391371,-0.0566927038287874,-0.1388210971822763,-0.98869340055939,-5.760917077170397,-60.05321288791211,-807.3573683466416,-0.0226111809928715,-0.1731123005565666,-0.9846425066439698,3,
4.5226984,-69.55716973081275,-50.791580354212535,-807.0314319596176,-0.0583962979716724,-0.1336995702318645,-0.989299902609425,-5.7738089013421146,-60.01192391614826,-807.2598961787803,-0.0219692970735001,-0.1682276050799181,-0.9855033347864284,3,
4.5310688,-69.56213612997001,-50.79968487618068,-807.0676245845787,-0.0571612980354326,-0.134578970546937,-0.989252792107978,-5.76348732364557,-60.06053332196791,-807.3722039109548,-0.0223244528314042,-0.1707350563709617,-0.9850640381882704,3,
4.5394731,-59.6772600031534,-62.319033633475854,-806.582586599107,-0.0382416360736305,-0.1517169016364241,-0.9876839368078514,-1.824285802371616,-64.58372411185505,-807.3062676717345,-0.0157311835709474,-0.1742244203441967,-0.9845803071457326,3,
4.5477251,-59.683158063409664,-62.33617452666612,-806.6489767970972,-0.0466905625808597,-0.1502135100363617,-0.9875504507459044,-1.821079814671812,-64.52149037336748,-807.177115743968,-0.0192789234832952,-0.1759788877510457,-0.9842051382589044,3,
4.5560749,-59.67920741409527,-62.312832635385234,-806.5999590527606,-0.0476765697769858,-0.1526032226179135,-0.9871368705204602,-1.8160945242019864,-64.55854465887515,-807.2680525864987,-0.0176012401739437,-0.178885147626594,-0.9837125089694396,3,
4.5644744,-59.67987380549337,-62.31697205625245,-806.5930310954923,-0.0414591433785076,-0.1480429625265735,-0.9881115426290072,-1.822690046864185,-64.56048527339595,-807.2810555664719,-0.0153773302974384,-0.1779929978180583,-0.9839115968625756,3,
4.5726961,-58.43489461747636,-58.20861137753715,-807.126611318828,-0.0425039515420281,-0.1442527526237532,-0.9886276131404496,12.234099279542068,-58.48647517998222,-807.3987741911129,-0.0007415556042988,-0.1679512085643339,-0.9857950302355278,3,
4.5810701,-58.44476099242221,-58.20904939034119,-807.1184978760955,-0.0388228870070889,-0.1469992607919305,-0.9883744233695348,12.245031643975818,-58.53316752843786,-807.505684502385,-0.002160545513826,-0.1687979729704767,-0.9856483025725457,3,
4.5894466,-58.43712284565672,-58.20246471413819,-807.1152394376137,-0.0432116451080611,-0.1411458226298251,-0.9890453025424084,12.236689569071649,-58.514360868711776,-807.4823325107191,6.403545672051258e-05,-0.1716186389431199,-0.9851634578417792,3,
4.597699,-58.43606637647324,-58.18491806067324,-807.0785698714296,-0.0385959750673693,-0.1456497500576439,-0.988583077448094,12.232422944169226,-58.47241949089975,-807.388888098916,0.0021872064068624,-0.1694008300548386,-0.9855448112109692,3,
4.6060769,-58.44004394751534,-58.18634862516758,-807.0773897476846,-0.037380892066565,-0.145530329291885,-0.9886473548057986,-0.3300421034037555,-61.006935895003,-807.5825138160594,-0.0118802461554352,-0.1711909182330146,-0.9851662444815208,3,
4.6144455,-69.2495165483995,-57.48058955237609,-806.445307153071,-0.0567468467302994,-0.1410788773818927,-0.9883706520040106,-0.3285419510155165,-61.00667199993367,-807.5810681200562,-0.014677475397804,-0.1702811630093073,-0.9852862006747808,3,
4.6227023,-69.24541480178287,-57.48000204022056,-806.4226848586532,-0.0542599332956377,-0.1411914221858579,-0.988494229593622,-0.3391506310242498,-60.96652982040426,-807.5091470712441,-0.015064215192601,-0.1761207929117198,-0.9842532883992706,3,
4.6310726,-69.24896334371768,-57.46961015969575,-806.4311725755468,-0.0564308831507007,-0.1459325861798213,-0.9876837731367774,-0.3303043748833225,-61.00717966449631,-807.5912516290052,-0.011085628599185,-0.1692401439515264,-0.9855124973909908,3,
4.6394876,-69.25202181868083,-57.5061433658567,-806.4922882435294,-0.0538542303850141,-0.1424364190197423,-0.988337790639653,1.8406148335533388,-59.73142414720077,-807.3646630298031,-0.0098740810000279,-0.1696627185020881,-0.9854527205680064,3,
4.6476979,-63.003293817310215,-45.282458155585815,-808.6887574545187,-0.0465267622911594,-0.1290869450040003,-0.9905411758328052,1.8296476181447936,-59.696272185766205,-807.2912880032129,-0.0105075988402401,-0.1730068611836669,-0.9848645675167664,3,
4.656077,-63.010087316728125,-45.29403412429463,-808.7280547346472,-0.0469615452711457,-0.1314524311380976,-0.990209508949308,1.84250315146744,-59.71683413507258,-807.3353789699785,-0.0134033951764488,-0.1738131495088869,-0.9846874316530828,3,
4.664483,-63.007991548391495,-45.28621200292286,-808.726203527491,-0.0482422436201402,-0.128419774843685,-0.9905458330433742,1.8382654913445329,-59.72980540776031,-807.3584956578115,-0.0134011064487385,-0.1709735522215647,-0.98518447754047,3,
4.6726998,-63.000556318699125,-45.285752292361096,-808.7092234222505,-0.0463552613609667,-0.1295778170358035,-0.990485123096956,2.056774608263801,-57.16627629074635,-807.8050326444521,-0.0174029335906745,-0.1650829557016364,-0.9861261357652226,3,
4.681073,-66.32021736806256,-53.09234850247054,-807.1927745437263,-0.0514855890470914,-0.1413552710226231,-0.9886191994264496,2.0580541407478847,-57.19565266390637,-807.8824566388885,-0.0136557804004776,-0.1595879792651048,-0.9870892545944032,3,
4.6894466,-66.322222762949,-53.093348601856206,-807.1841387415034,-0.0543356457352011,-0.1385373369093498,-0.9888655337732242,2.057580404366192,-57.18313625268096,-807.8671610150681,-0.0134182817313315,-0.1622385505272805,-0.9866603277917814,3,
4.6976996,-66.3276269260244,-53.10641310077392,-807.1988376043097,-0.0458600416172323,-0.1418197199940777,-0.9888296231422616,2.052738029142102,-57.14409071396968,-807.7765711055954,-0.0158780749933128,-0.1684610305676513,-0.9855804218401416,3,
4.7061342,-66.31495118923105,-53.08474367566719,-807.1759247393487,-0.052815477892988,-0.1387191490447325,-0.9889224049354126,0.4476257607844118,-64.21578777701492,-807.3210456633825,-0.012793839897473,-0.1698704558025224,-0.985383349720362,3,
4.7144483,-61.81768447224797,-64.8313064357489,-806.197725498028,-0.0450779736661993,-0.1567207404461861,-0.986613696339225,0.4505818615086348,-64.21678478340854,-807.3176217188984,-0.0135459409066132,-0.1752853995437543,-0.9844244695210196,3,
4.7227093,-61.81505707839749,-64.8303651803997,-806.2275570108629,-0.048866081122884,-0.1505822177525075,-0.9873890326575578,0.4431001092651669,-64.19015769196102,-807.2456710677188,-0.0183266763549707,-0.1760890437923587,-0.9842036281126344,3,
4.7311574,-61.82483389416955,-64.85626591058137,-806.2501620062636,-0.0449792455298853,-0.1580836727101385,-0.9864007400108924,0.4439935566341013,-64.22580519462959,-807.3285752676004,-0.0143391955610238,-0.170234008437619,-0.9852993300728078,3,
4.7394456,-61.82554264695285,-64.83264147859147,-806.225114930917,-0.0468522778921479,-0.1609040969007803,-0.9858573607053208,0.1433242073537677,-60.917427413210525,-807.822156898338,-0.0128085771655484,-0.1692771676094912,-0.9854852514761964,3,
4.7477045,-61.82207536176527,-64.86558317236984,-806.2505452211745,-0.0417660288593777,-0.1509309708943509,-0.987661602401453,0.1314011937401815,-60.90011251160666,-807.7681987560053,-0.0150500099228533,-0.1728809516219725,-0.9848277381185008,3,
4.7561007,-57.91967313477372,-65.93807992718762,-806.5425460669268,-0.0400348062102927,-0.161457268824458,-0.9860673225675064,0.1391188726593277,-60.9201406389846,-807.8284922033226,-0.0114431687248293,-0.1675908962854045,-0.9857902136721532,3,
4.7644729,-57.923149303045776,-65.95210951404442,-806.5556225180353,-0.0381824637104859,-0.1615386250080481,-0.9861274623979934,0.1411443951015769,-60.92487476235044,-807.8240379298243,-0.0152549273820708,-0.1658118016372212,-0.986039417887736,3,
4.7727008,-57.91854405543028,-65.9446257264411,-806.5397824549809,-0.0360004765722599,-0.1584978056373371,-0.9867027978549155,-4.343669056618541,-61.45778895819357,-807.3374100872339,-0.0153923204277194,-0.1754858288423605,-0.984361620720434,3,
4.7810722,-57.92568791203547,-65.93479692235688,-806.5132522912595,-0.0381505017873846,-0.1555064796045868,-0.9870979049792168,-4.338754340107904,-61.47845075087994,-807.404588033743,-0.0227689892756681,-0.1736246154866092,-0.9845486610749574,3,
4.7894488,-64.58693604871729,-58.418986609941335,-806.8874852665622,-0.0487024627416714,-0.1452084551040985,-0.988201687252747,-4.34009972853238,-61.48471852619634,-807.400769543011,-0.0185897009952607,-0.1682221069749394,-0.9855738154708752,3,
4.7976985,-64.59407192557816,-58.42384285752407,-806.905030793175,-0.0500208400648731,-0.1457656900739491,-0.9880537835343124,-4.335874785962115,-61.45787647086762,-807.3221330549915,-0.0235157857001127,-0.1733976351924248,-0.9845711086217088,3,
4.8060733,-64.58006464858673,-58.4191321000216,-806.897897640249,-0.0531158097127832,-0.1491762297230463,-0.987382987115016,0.5129362272841327,-60.81170123456825,-807.0608490084459,-0.0151834979447812,-0.17208373052144,-0.9849653045056892,3,
4.8144448,-64.58260363910152,-58.41554219558868,-806.8954138047212,-0.0477298256053189,-0.1477329276585176,-0.9878749140620632,0.5137910051010479,-60.813344538733546,-807.0652341624876,-0.0111014378813704,-0.1669274194405665,-0.985906686616882,3,
4.8226982,-68.25162255189967,-50.91845814597427,-807.3480401675954,-0.0577671769880028,-0.1316122067025845,-0.9896166835243396,0.5143827503769884,-60.783159496488224,-807.0028130109094,-0.013522898224559,-0.171852421898577,-0.9850298859989992,3,
4.8310736,-68.25622485894976,-50.92517199581688,-807.353951318943,-0.0546643944582989,-0.1314505062127561,-0.9898144110867032,0.5125627188026485,-60.81068919513263,-807.0744198393695,-0.0100312306429475,-0.1708187507144193,-0.9852514038640862,3,
4.8394472,-68.2572121952911,-50.939969101439466,-807.3840433408486,-0.055593731741128,-0.1307315047474355,-0.9898578739685646,3.463662341565275,-59.81510441410286,-807.0955697829083,-0.0096153691038544,-0.1667492715635327,-0.9859524456635966,3,
4.8477226,-68.25172695759997,-50.9214494787799,-807.3571694660759,-0.0564679274138167,-0.1378392783316818,-0.9888436208635768,3.4596513152483688,-59.76335362639784,-807.0002888373931,-0.0060636537395262,-0.1774789738294735,-0.9841059119585472,3,
4.8560706,-71.1177974836016,-49.536976711600346,-807.0958573149532,-0.0552973969333183,-0.1383224235344293,-0.9888423054461012,3.460865726846201,-59.8101844716017,-807.0907734590787,-0.0080500530611083,-0.1693618117951068,-0.9855210669240876,3,
4.8644491,-71.12006607688144,-49.54466350210549,-807.1128863013998,-0.0581002759513412,-0.1299455753091869,-0.9898174101277174,3.4571343997301867,-59.79857949209492,-807.0879474790707,-0.0010444780986312,-0.169633831067085,-0.9855066069910464,3,
4.8726987,-71.11855430719508,-49.5486659490482,-807.1274099619875,-0.061436567668309,-0.1315776217862976,-0.9894002615717254,9.14390103685288,-56.13894337298724,-807.4169488764314,0.0035582808569017,-0.1697421700163781,-0.9854820822092476,3,
4.8810927,-71.11721025836377,-49.565504799101184,-807.1412971706031,-0.0543489588758558,-0.134731809076306,-0.98939048423367,9.14955602247052,-56.17706564392882,-807.4763038995613,-0.0009764574246063,-0.1656276227107292,-0.9861878812508752,3,
4.8894507,-71.10913654569667,-49.550255068661485,-807.1337515981178,-0.0621964085306165,-0.134422031246352,-0.9889703353900444,9.149760847176388,-56.15366943540495,-807.4475306868696,0.003388383864302,-0.1669900110163271,-0.9859527651340884,3,
4.8977522,-71.1245203773621,-48.73330626013132,-807.0668191773098,-0.0548358463145805,-0.1315587853692456,-0.9897905414536612,9.148306726453274,-56.13436101258153,-807.4047282875667,0.0016058124855201,-0.1682499562312772,-0.9857430565793678,3,
4.9060718,-71.11449956665705,-48.69297172091225,-807.00380496381,-0.0594007756836846,-0.1315480669504905,-0.9895285008173164,9.425749328113357,-56.45015050478716,-807.3605083191201,-0.0021272014081937,-0.1646723577213324,-0.9863460293510924,3,
4.9144453,-71.12693713996546,-48.74098081525958,-807.0835695315802,-0.0519954900727089,-0.1355492935015101,-0.9894053052431748,9.420954028964154,-56.46233310109035,-807.3821807236488,0.0017890619232186,-0.1660512308278459,-0.9861155043898217,3,
4.922696,-71.11437364699214,-48.69584862284975,-807.0137752905835,-0.0587790536061358,-0.1323329179879639,-0.9894609753163373,9.416157515542384,-56.42978743021023,-807.3229706093819,0.0032674838667493,-0.1713012989264004,-0.9852132705842468,3,
4.931071,-69.38777403159033,-49.37810113969339,-807.1718122145298,-0.0510043575396551,-0.1383340900989558,-0.9890714003692862,9.42118596153415,-56.447643492854354,-807.3698341979743,0.0064664404269942,-0.1665464204085347,-0.9860124111781288,3,
4.9394483,-69.38219188546607,-49.36643119715518,-807.1568546923329,-0.0524245415107493,-0.1395695646667866,-0.98882354546507,12.454001856009183,-56.4686914459752,-807.3633479810062,0.0089416350717033,-0.1659744826706805,-0.986089508241744,3,
4.9476978,-69.3806979949585,-49.38016574585159,-807.1692065492357,-0.0522446389341648,-0.1382649272244258,-0.989016333334421,12.450687120634733,-56.4496768737675,-807.3163949916184,0.0082754823053962,-0.1733421470199733,-0.9848268966976476,3,
4.9560781,-69.38885603714914,-49.390794998336446,-807.1921181939341,-0.052291471830496,-0.137282262897099,-0.9891507378896564,12.449756568124576,-56.46851108746276,-807.3666518231183,0.0142467735818456,-0.1658029213230902,-0.9860559926917116,3,
4.9644472,-69.37631216552244,-51.311843924451,-806.9434183606515,-0.0560719409898161,-0.1379835318492206,-0.988846035726518,12.449774159824646,-56.4740918038908,-807.3674873218902,0.0132183399177842,-0.166447405470222,-0.9859617318649084,3,
4.9726968,-69.37520647828094,-51.347833337724445,-806.9661829871038,-0.0492110940128223,-0.1386809536148365,-0.9891136746251872,7.576108217853985,-59.373503480829655,-807.308802563966,0.0011475247033416,-0.1746048430223659,-0.9846379192272608,3,
4.9810734,-69.37129077537372,-51.308989729762224,-806.9214415111953,-0.0613779647304668,-0.1371157666921555,-0.9886516130417063,7.57761729394554,-59.39269519930869,-807.367701847258,0.004081807505428,-0.1687898348323585,-0.9856436123187494,3,
4.9894668,-69.37703806445893,-51.3191188412227,-806.9300511891087,-0.0550172009366548,-0.137456380419205,-0.9889786909145952,7.579704762898778,-59.38436010438521,-807.3521551450108,0.0029366553969604,-0.1681208913214661,-0.9857620108100916,3,
4.9976981,-69.50282573589459,-52.390908649180005,-807.2647772614268,-0.0510433080382929,-0.1403140273918034,-0.9887904502075252,7.577351482603976,-59.36516702890198,-807.3125429660128,0.0027167748386405,-0.1789974395663058,-0.9838457886087548,3,
5.0061024,-69.49533782505178,-52.39074902400543,-807.2629944902193,-0.0575835173225448,-0.1422490251201636,-0.9881545189822932,-5.179421624460893,-63.66968174994305,-807.2461456103568,-0.0089291213948609,-0.173753369689349,-0.9847487178527892,3,
5.0144491,-69.49941916775037,-52.38745433813707,-807.2611600036267,-0.0542687515182694,-0.1388241636484861,-0.9888289812682204,-5.179901325405105,-63.671871639054814,-807.2387125741576,-0.0085003696952715,-0.1730326240693481,-0.9848794112594288,3,
5.0226953,-69.49711104346416,-52.39676063651106,-807.2888705818226,-0.0560242480211482,-0.1388724386843661,-0.9887242939300732,-5.184870714721686,-63.64924087009688,-807.1986703671936,-0.0095066190319648,-0.1849550777084302,-0.9827009939063098,3,
5.0310697,-69.49793803929613,-52.37614995813665,-807.2361462649628,-0.0562219230240658,-0.1386098346367091,-0.9887499224341108,-5.184604712578519,-63.67268299474617,-807.2569384012324,-0.0127769395611564,-0.1760526855472462,-0.9842978216612354,3,
5.039449,-63.72123230074304,-49.8488090171012,-808.2917690254678,-0.051970443732486,-0.1370206103339082,-0.9892039351528944,-3.7083083052563417,-63.49131726550835,-807.0340251382007,-0.01053040861073,-0.1729870384445168,-0.9848678058626374,3,
5.0477155,-63.72269934059599,-49.82994197949047,-808.3052594193186,-0.0521290300896318,-0.1370689516336113,-0.9891888933464512,-3.7112850949036895,-63.4527406762162,-806.9528593599321,-0.010095548782996,-0.1850005742826959,-0.9826865560339384,3,
5.0560794,-63.720307190033765,-49.843760535054905,-808.304896039518,-0.0520908089756094,-0.1342779743227193,-0.9895736320416252,-3.7068028710792618,-63.473444901617576,-807.0104424608512,-0.0050293371152485,-0.177423866463295,-0.9841216781360906,3,
5.0644735,-63.72387364358007,-49.851544511469385,-808.3347793711687,-0.0450725297190887,-0.135866962528179,-0.9897012860242672,-3.7079004084198175,-63.48573507381833,-807.0200663627444,-0.0104614911945458,-0.1727571215359791,-0.9849088963759992,3,
5.0726997,-60.1756457021999,-54.985940818603424,-807.2283965804436,-0.0459479949806778,-0.145933447329684,-0.9882268012494548,12.626010146362296,-57.61980379856278,-807.694467949681,0.0105826493941431,-0.1768153991653732,-0.9841871377689252,3,
5.0810958,-60.17294992474615,-54.992916300442296,-807.2307415788341,-0.0398484296716847,-0.1436184920128638,-0.9888305372533008,12.62896913853968,-57.63635766481078,-807.7294696638114,0.014313421687241,-0.1697218037784147,-0.9853880632937482,3,
5.0895052,-60.179295428358834,-54.99586998424889,-807.2499490123068,-0.0393337092124579,-0.1415528624634678,-0.989148950587316,12.630288215994277,-57.63619160742149,-807.7458610540393,0.0145939199590312,-0.1683845321810262,-0.9856133454973132,3,
5.097698,-60.17332937717012,-54.99665179692183,-807.2500447776752,-0.0458511008024079,-0.1399161631318204,-0.989101179783786,12.620646315609775,-57.59179275043128,-807.6542355432262,0.0121522656028486,-0.1817947111669834,-0.9832614125614968,3,
5.1060718,-63.05067169683215,-64.36961242850424,-806.168749008741,-0.0486719062188265,-0.1531141303479929,-0.9870091735302178,5.703770577442661,-63.2133899613596,-807.5167441179318,0.0086925878289199,-0.1757493930229112,-0.984396561233792,3,
5.1144486,-63.05171475336742,-64.35944889270175,-806.1574674451515,-0.0498098402711632,-0.1511175649644515,-0.9872600778778488,5.706443043614865,-63.20877309471877,-807.5071939262314,0.0056270715252706,-0.1748064890282778,-0.9845867292725692,3,
5.1226981,-63.04271415182261,-64.3595082641531,-806.1498396394873,-0.0504827716107359,-0.15433165617691,-0.9867285491320243,5.696977700985137,-63.17964169777913,-807.4489389359595,0.0037991678304253,-0.1858774205299427,-0.9825655962127572,3,
5.1310725,-63.05384453120044,-64.36752323310927,-806.1711397055653,-0.0519144356311885,-0.1526490293832178,-0.9869159869013456,5.707233925284566,-63.18889637055444,-807.468900477659,0.0073625748137933,-0.1763292891823878,-0.9843037002208944,3,
5.1394469,-68.80315080056005,-53.48365844610769,-807.5288907472063,-0.0571134588092583,-0.1383138768701605,-0.9887402713999208,-2.149561025588717,-62.77873130151952,-807.5165613054187,-0.0010873500087457,-0.1769663341712476,-0.98421630459973,3,
5.1477184,-68.80055281640009,-53.48418820141045,-807.5296755003816,-0.056527001269704,-0.1371493759345957,-0.9889361692284316,-2.1641934528513858,-62.75832553160146,-807.4584816085746,-0.0052071855287393,-0.1855844242508282,-0.9826145259939716,3,
5.156074,-68.80845761922929,-53.48472755838444,-807.5459639448547,-0.0601869819383731,-0.1359906840225389,-0.9888802056185731,-2.161086906325366,-62.78409826265513,-807.5271548212361,-0.0035530474008077,-0.1794675551151038,-0.9837574764723136,3,
5.9394466,-65.83630168094093,-49.139481367615886,-807.3478387899468,0.019258383677949,-0.2959153239870113,-0.9550200184748876,-3.4778813835693967,-62.57696817090029,-807.3754754661747,0.0426483626395601,-0.3339997910151431,-0.941607804112734,3,
5.9477059,-65.83630168094093,-49.139481367615886,-807.3478387899468,0.019258383677949,-0.2959153239870113,-0.9550200184748876,-3.475467892462607,-62.54355167779613,-807.2888654135581,0.0494473013080519,-0.3472964575176485,-0.9364508182435652,3,
5.9560735,-65.83630168094093,-49.139481367615886,-807.3478387899468,0.019258383677949,-0.2959153239870113,-0.9550200184748876,-3.4770095595402246,-62.57416217908593,-807.372732093965,0.0456307963410948,-0.3353116404972251,-0.941001559070088,3,
5.9644461,-65.83630168094093,-49.139481367615886,-807.3478387899468,0.019258383677949,-0.2959153239870113,-0.9550200184748876,-3.4682292937764814,-62.55765239641523,-807.3557984865853,0.0426637361799513,-0.3458559914838864,-0.9373171495123008,3,
5.9728546,-65.83630168094093,-49.139481367615886,-807.3478387899468,0.019258383677949,-0.2959153239870113,-0.9550200184748876,2.9907077597029463,-55.49903983406689,-807.7603184221202,0.0548054731925787,-0.3463408403285464,-0.9365064775155876,3,
5.9811843,-65.83630168094093,-49.139481367615886,-807.3478387899468,0.019258383677949,-0.2959153239870113,-0.9550200184748876,2.99752318122664,-55.52008013805396,-807.8536393376339,0.0439850801187796,-0.3371097625011154,-0.940437302935919,3,
5.9895111,-65.83630168094093,-49.139481367615886,-807.3478387899468,0.019258383677949,-0.2959153239870113,-0.9550200184748876,2.992605115833374,-55.51159080603397,-807.8505070627349,0.0548769890712802,-0.3374647097355787,-0.9397372429320614,3,
5.9976986,-65.83630168094093,-49.139481367615886,-807.3478387899468,0.019258383677949,-0.2959153239870113,-0.9550200184748876,2.98490297967302,-55.50735521902173,-807.7868282275073,0.0588365511624358,-0.3442651626499993,-0.9370270850049528,3,
11.9894693,-69.58294793794637,-49.065598943129146,-807.5811008295552,0.0642476531153819,-0.2884557216880242,-0.9553353001405348,7.504160213217489,-55.407945804249046,-807.9738332534712,0.0451901126789396,-0.3201483946408891,-0.9462889934501648,4,
11.9978245,-69.57092164074248,-49.04411168835109,-807.535936359687,0.0592892636517271,-0.2770902704761934,-0.959012911916761,7.490768359989509,-55.39189778705861,-807.9272720683798,0.0467642724704205,-0.331728720772136,-0.9422150278122264,4,
12.0060926,-69.58793436314937,-49.04947721148201,-807.5791269813199,0.0646634161293452,-0.2854742226889604,-0.9562024423701376,8.69027374633363,-55.247587373436176,-808.1949328956374,0.0476008456331458,-0.322643452582437,-0.94532288769536,4,
12.0144632,-69.5827733846564,-49.09838234544439,-807.638521878429,0.0660761245971204,-0.2794488521701333,-0.9578842752540728,8.697052920356164,-55.255959768639606,-808.205026199705,0.0453561089675238,-0.3244013710798696,-0.9448315055187494,4,
12.0228822,-70.21524974830425,-51.11723791831472,-806.8120316102945,0.0629840814609384,-0.2849508964782217,-0.9564705913298012,8.686595417185693,-55.253647799905934,-808.171922620505,0.0485344642679116,-0.331320235842715,-0.9422692328094738,4,
12.0310684,-70.21967716131385,-51.13716816922532,-806.8448589164852,0.0669747459465437,-0.287287324965404,-0.9555000661013152,8.705500400295922,-55.24360794921032,-808.1797952934215,0.043563430105375,-0.3277347439276725,-0.9437648887197052,4,
12.0394437,-70.20745890764901,-51.150202579054906,-806.8572964722923,0.0597795306216225,-0.2820308158273802,-0.9575411357442564,10.789438384870737,-53.78662177238723,-808.1497498279216,0.0439034892076004,-0.3238802732329214,-0.9450788603317534,4,
12.0479265,-70.20922621165366,-51.12769499407908,-806.8338618356152,0.0560618205942784,-0.2844535417264144,-0.9570492437022002,10.786395544726409,-53.77924307467167,-808.1152342679155,0.0515797449029735,-0.3412947562987818,-0.9385400466888448,4,
12.0560904,-65.89608431029815,-54.57178659439913,-806.8696708029519,0.0696313406195886,-0.2827923749415837,-0.9566503797513578,10.787504429399426,-53.79073898230138,-808.1532996825058,0.0509361551307929,-0.3203494654104858,-0.9459290291093236,4,
12.0644468,-65.88497838652893,-54.60427724686341,-806.8912640859107,0.0645771716015672,-0.2814666267640172,-0.9573955958359254,10.78457922497766,-53.80432768288339,-808.1752194696937,0.0503781661512568,-0.3185822839671867,-0.9465555285969686,4,
12.0728228,-65.8947236273392,-54.60611104041337,-806.9093637450698,0.0645782376934016,-0.2841549091857321,-0.9566010865570154,9.172593205585386,-54.09350033554493,-807.9319524077015,0.0460802470325318,-0.3345177394233233,-0.9412621807150918,4,
12.0810917,-65.90351383148567,-54.60079943517304,-806.9015636754312,0.0758758564409598,-0.2851381332727901,-0.9554784661953714,9.171603937525564,-54.11284749649144,-807.9752316297594,0.0558663399269615,-0.3165322241115116,-0.9469352159267204,4,
12.089463,-65.90351383148567,-54.60079943517304,-806.9015636754312,0.0758758564409598,-0.2851381332727901,-0.9554784661953714,9.17251559374512,-54.10728260145032,-807.9736635334775,0.0488728928269092,-0.3184128374191283,-0.9466914520124434,4,
12.0978641,-65.90351383148567,-54.60079943517304,-806.9015636754312,0.0758758564409598,-0.2851381332727901,-0.9554784661953714,9.159491907619843,-54.09768211063821,-807.9568145501836,0.0620131211389156,-0.3355943961404968,-0.9399631769839204,4,
12.6396795,-60.08570606750435,-58.26514544590675,-807.5912421569202,0.0851002572233391,-0.2831007360841785,-0.9553072382480506,3.930688571558264,-58.73899705590833,-808.0697569131258,0.0552299262239144,-0.3310011028043638,-0.9420126990606844,4,
12.6479001,-60.08570606750435,-58.26514544590675,-807.5912421569202,0.0851002572233391,-0.2831007360841785,-0.9553072382480506,3.9202882626634192,-58.75314900723463,-808.0478421090963,0.0551451986978493,-0.3374037509097796,-0.9397434309068544,4,
12.6560719,-60.08570606750435,-58.26514544590675,-807.5912421569202,0.0851002572233391,-0.2831007360841785,-0.9553072382480506,3.929985493045692,-58.724949708108966,-808.0529107989385,0.0527589919406396,-0.3371719926690494,-0.9399635823418852,4,
12.6644444,-60.08570606750435,-58.26514544590675,-807.5912421569202,0.0851002572233391,-0.2831007360841785,-0.9553072382480506,3.9229682212526313,-58.734851131902886,-808.0671031175164,0.0551684178112766,-0.3358088719201678,-0.9403131644382656,4,
13.1644489,-61.76509030467731,-51.86569742312248,-807.8865900560724,0.0886768649812971,-0.2769300836869959,-0.9567894974163343,1.8582137462843704,-57.96503458140136,-807.8947940648922,0.044077530068567,-0.33370689379476,-0.9416458359579292,4,
13.1728432,-61.76573332460778,-51.844355333455695,-807.8698191981447,0.0879613044988448,-0.2838067304634541,-0.9548384934922268,0.8246850098550027,-61.84927677153192,-807.2683144745089,0.0470335773511664,-0.3415862391667973,-0.9386728310830325,4,
13.1810722,-61.75993286125103,-51.77906520508158,-807.7762130915434,0.0848983978658574,-0.2832014298600195,-0.9552953533672458,0.8298858068933832,-61.83220442489758,-807.2593773554595,0.0403458087614428,-0.3406906634812937,-0.9393093673183828,4,
13.8895008,-58.0718294925025,-57.32198707286831,-807.9185646496567,0.0795288506709258,-0.2818283660005776,-0.9561631314939965,4.045192716891961,-54.60432187991584,-808.1548626595703,0.0592582750778115,-0.3339073885162084,-0.9407413633560968,6,
13.897826,-58.0718294925025,-57.32198707286831,-807.9185646496567,0.0795288506709258,-0.2818283660005776,-0.9561631314939965,4.044311691732364,-54.617532835584754,-808.1507372802438,0.0555937461180893,-0.3313057227450788,-0.9418842038535936,6,
13.9061743,-58.0718294925025,-57.32198707286831,-807.9185646496567,0.0795288506709258,-0.2818283660005776,-0.9561631314939965,5.977429548419792,-55.78126545039856,-807.5476108475057,0.0608902821192448,-0.3320282941956943,-0.9413020691557712,6,
13.9148033,-58.0718294925025,-57.32198707286831,-807.9185646496567,0.0795288506709258,-0.2818283660005776,-0.9561631314939965,5.984323327520425,-55.78151438010487,-807.5474295862235,0.0591806593577561,-0.3325035072501017,-0.941243362379976,6,
13.922826,-58.0718294925025,-57.32198707286831,-807.9185646496567,0.0795288506709258,-0.2818283660005776,-0.9561631314939965,5.985696426636963,-55.803335918718055,-807.5544517521824,0.0517751917710043,-0.3393032623639782,-0.9392510983045146,6,
13.9310994,-58.0718294925025,-57.32198707286831,-807.9185646496567,0.0795288506709258,-0.2818283660005776,-0.9561631314939965,5.991819464708136,-55.771255213830855,-807.5155665247107,0.0603474485112055,-0.3298292851300711,-0.9421097749884424,6,
13.9395087,-66.22296057203188,-55.0973945504192,-807.0677559932192,0.0827497951896128,-0.273244835689259,-0.9583786992443158,5.526692883298534,-59.19179285844066,-807.2696746103716,0.0567862978568593,-0.3400320829011517,-0.9386977676406908,6,
13.9478867,-66.22296057203188,-55.0973945504192,-807.0677559932192,0.0827497951896128,-0.273244835689259,-0.9583786992443158,5.5297185079913405,-59.19662740664755,-807.2399545232322,0.0469062250316625,-0.348363109443717,-0.9361853182100132,6,
13.9560892,-66.22296057203188,-55.0973945504192,-807.0677559932192,0.0827497951896128,-0.273244835689259,-0.9583786992443158,5.517701380384871,-59.21036144430579,-807.3043057296253,0.0626138833018308,-0.3343855643461281,-0.9403540801074806,6,
13.9644635,-66.22296057203188,-55.0973945504192,-807.0677559932192,0.0827497951896128,-0.273244835689259,-0.9583786992443158,5.5194943225576125,-59.19132331867647,-807.2585860992053,0.0614124213200343,-0.3369965085247842,-0.9395008609627324,6,
13.972819,-66.22296057203188,-55.0973945504192,-807.0677559932192,0.0827497951896128,-0.273244835689259,-0.9583786992443158,2.711977790867877,-64.54551572243666,-806.7991027718701,0.0611270105062068,-0.3503395639995647,-0.9346259564570032,6,
13.9810707,-66.22296057203188,-55.0973945504192,-807.0677559932192,0.0827497951896128,-0.273244835689259,-0.9583786992443158,2.7134843302601794,-64.53822328391107,-806.8113888713126,0.0589005037100304,-0.3367401956139974,-0.939753569464118,6,
13.9895033,-66.22296057203188,-55.0973945504192,-807.0677559932192,0.0827497951896128,-0.273244835689259,-0.9583786992443158,2.7119821616828617,-64.54087064736888,-806.8164670417419,0.0568993650671883,-0.3386798875531259,-0.9391796399102532,6,
13.9978204,-66.22296057203188,-55.0973945504192,-807.0677559932192,0.0827497951896128,-0.273244835689259,-0.9583786992443158,2.7067599704376626,-64.53234013894725,-806.7810428441168,0.0580289607665389,-0.3497992523018451,-0.9350257337642772,6,
14.0061174,-66.22296057203188,-55.0973945504192,-807.0677559932192,0.0827497951896128,-0.273244835689259,-0.9583786992443158,2.5628471448498544,-60.24927581088746,-807.4304908177902,0.056995756310597,-0.3327769617996589,-0.9412815612015202,6,
16.3394781,-62.90029847550476,-56.034954374812784,-807.156324122193,-0.0035029456004607,-0.2189460718867511,-0.9757306733814826,2.177938067678916,-65.5866080010791,-807.2207796278586,0.0202703098870036,-0.271510140251383,-0.962222094049892,6,
16.3478575,-68.96616938119801,-53.70676306613811,-806.4560977566174,-0.0106974004225513,-0.2153862311854499,-0.9764703462163749,2.164373000788405,-65.61288385650535,-807.2259389849993,0.0134252167877818,-0.2778617097195131,-0.960527268652978,6,
16.3562298,-68.96159311717018,-53.74415616948632,-806.491351503473,-0.003845865661402,-0.2157252165154129,-0.9764465373366288,2.175258728386737,-65.62316341423434,-807.2613823833838,0.0233849647633656,-0.2711382718303753,-0.9622562969250208,6,
16.3645693,-68.93105872736943,-53.73330469270094,-806.4726482887512,-0.0152544489617008,-0.208433121981491,-0.9779176526926606,2.190042754977828,-65.63454514183154,-807.2902784026066,0.0193176751292662,-0.2756258949195423,-0.9610708576777268,6,
16.3728221,-68.92893141643084,-53.72678566922576,-806.4867835727107,-0.0082120680947929,-0.2126402593718753,-0.9770960454488944,4.0456019388936895,-63.27568400289157,-807.5800057599349,0.0063518414852,-0.2822223756743549,-0.9593279860290068,6,
16.3812602,-63.16659545983026,-58.84235877452164,-806.6193204604805,-0.0113599198475045,-0.2170951111867944,-0.9760843533833802,4.050924985206837,-63.26450812267648,-807.606527541341,0.0168456820531452,-0.2667093856844822,-0.9636297663438848,6,
16.3894508,-63.170413201512645,-58.82578719817234,-806.5932164466386,-0.0123007377341403,-0.2189605620275549,-0.9756561710601604,4.051648963388544,-63.28086416040503,-807.6157591316264,0.017334019280961,-0.2617672932212963,-0.9649753447498872,6,
16.3978256,-63.16250586925393,-58.82115989193723,-806.5647098796528,-0.0120720860851334,-0.2153688271674747,-0.9764581573329496,4.055296014958216,-63.23188105841373,-807.547252219284,-0.0020877868506758,-0.2871599154175207,-0.9578803809053968,6,
16.4062602,-63.16710873462563,-58.812272095267474,-806.5611842265897,-0.01158979735661,-0.2156987465248175,-0.9763911753722762,7.396117294430677,-54.94312235740488,-808.6403834663017,0.0239529881194017,-0.2552117320920763,-0.9665884471494128,6,
16.4145244,-63.1795882039349,-58.81721683495692,-806.5835957630268,-0.0113988880750756,-0.2224129550082694,-0.974885912707298,7.391586766434113,-54.96627674994871,-808.6763554945794,0.0222108316387359,-0.2510059226541267,-0.967730698981109,6,
16.4228639,-57.47757429825955,-61.96714089227606,-806.9805193221714,-0.0033061351903769,-0.2204617111785984,-0.9753900262840024,7.394878838760736,-54.93139561046321,-808.6295007510878,0.0055343896618237,-0.2766689748352349,-0.9609493477258262,6,
16.431197,-57.49276074959487,-61.97820606787124,-807.007754108401,0.0015538013158177,-0.2266864802472889,-0.9739665422254332,7.3945078701192415,-54.93476070195004,-808.652441995671,0.0247058936922037,-0.2557964846087651,-0.9664149094869482,6,
16.439447,-57.48563862268479,-61.96506067614892,-807.014098218525,-0.0034878100967347,-0.2283425806654768,-0.9735745996254004,10.057920309304436,-54.51526070681331,-808.2849757656535,0.0271590218137948,-0.2505298699024008,-0.9677278397466942,6,
16.4478486,-57.49048082924095,-61.96230685813248,-807.0039183368646,-0.0044083535652403,-0.2247637172393606,-0.9744033240047923,10.053156230189344,-54.50475666404763,-808.2627919086736,0.01181304008279,-0.2690744124008748,-0.9630469420932324,6,
23.4978251,-60.21157902477698,-65.95841762932302,-806.564569487498,-0.0582166967093346,-0.1176169673537471,-0.9913511311411112,7.916474513506731,-60.48560069757533,-808.836761323801,0.0086938934278809,-0.136636703822391,-0.9905830744493952,,
23.5061959,-60.21491500704956,-65.96215327835888,-806.5755602275624,-0.0622043702141154,-0.1138840180687338,-0.9915447779877544,4.00726743768627,-65.22061046799182,-808.5144118694813,0.0069772356999981,-0.1325757206583162,-0.9911483221364574,,
23.5145694,-56.595199338886175,-65.25868452295717,-806.9872424232809,-0.0534538025256466,-0.115992937115385,-0.9918106318924472,4.0165023938620585,-65.2010909472063,-808.4927515719025,0.0019745300348253,-0.1318888125198404,-0.9912625496624232,,
23.5228437,-56.58136612625256,-65.21185342278835,-806.9199672876134,-0.0608555384537238,-0.1151025765426763,-0.9914877711362576,4.002017349178864,-65.13949318632962,-808.3858526829906,0.0042834537829731,-0.1309627234164522,-0.9913780394476344,,
23.5314628,-56.5973111857107,-65.2019108156024,-806.9306423505799,-0.0623356686504728,-0.1207620268456448,-0.9907223613535884,4.016480390757746,-65.18025541867382,-808.4790947234691,0.0054026478028909,-0.1245607699495355,-0.9921972717087548,,
23.5395754,-56.6021922743614,-65.18964721614996,-806.9212546993667,-0.0643757726097946,-0.1200223589772541,-0.9906817820301468,3.249862049961422,-64.72986306079159,-808.804539257394,0.0017496563882334,-0.1230712931398428,-0.9923962895473812,,
23.5478232,-56.79766628585582,-58.97752970946283,-808.1313700122852,-0.0506426629458191,-0.12193482673053,-0.991245286858884,3.2381989267823386,-64.65878004600155,-808.6668060670582,0.0018197921600828,-0.1262557241421833,-0.9919960587007524,,
23.5561942,-56.80695401941434,-58.97868891755112,-808.1535277483274,-0.061079847587311,-0.106939605513855,-0.9923876122721664,3.235595601863359,-64.69481218275419,-808.7836028166105,0.0079169059909125,-0.1273811587020558,-0.9918222436542004,,
23.564572,-56.80466081764861,-58.95196363914479,-808.123275488512,-0.054958697722643,-0.110194905372262,-0.992389351199734,3.2389989338118355,-64.70166740716368,-808.7928255999193,0.0076655983292964,-0.1263597284695901,-0.991954866726982,,
23.5728204,-56.8069578345426,-58.93391316556654,-808.1014469145658,-0.0623025179038005,-0.1063666414992269,-0.992373182748819,3.2242314259381857,-64.62398915953105,-808.6623954348339,0.0098718792952693,-0.1338163181781366,-0.9909569814015272,,
23.5812088,-56.82346741841854,-58.91781312017696,-808.0776756678845,-0.0577068924144052,-0.107957879243879,-0.9924792244057484,3.2197242701418816,-64.66640334495793,-808.7628268582775,0.0137904108338731,-0.1285458867677251,-0.991607674216034,,
23.7895751,-57.00930595887165,-57.693112447641,-808.3494989372455,0.0001169858921541,-0.2323312402973217,-0.9726367158894468,3.0847567378842555,-63.41993844879886,-808.7420391024164,0.0464461014633592,-0.2676661229069681,-0.9623916075625384,,
23.797971,-57.01172559499993,-57.66454637739079,-808.3058806995164,-0.0029903740455177,-0.2316502825258894,-0.9727945334286904,3.076439854799212,-63.37121330604101,-808.6440353097097,0.0442977514279564,-0.2701224080854443,-0.9618064222433468,,
23.8062336,-57.01652665347296,-57.66221180277648,-808.3059779273511,-0.0007462207280513,-0.235078891693636,-0.9719760068204956,3.08738645436064,-63.40683540086563,-808.7213381893301,0.044039583277274,-0.2650070939639765,-0.963240237559422,,
23.8146539,-57.01332544619434,-57.64621461809055,-808.3278204929209,0.0003793837948501,-0.23701757574318,-0.9715052881259896,3.103972850474271,-63.38445217941536,-808.6922039294951,0.0421400780433025,-0.2717466972725209,-0.9614457583992874,,
23.8228224,-57.014554534058334,-57.62964746941808,-808.3421421572115,0.0022572002831001,-0.2443594366879607,-0.969682097776598,3.0978270098685314,-63.32490503822332,-808.5953028435424,0.0451484710259188,-0.279595562370413,-0.9590557528458886,,
23.8311966,-57.00311048312427,-57.63795268239558,-808.3232232346913,0.0028264169024705,-0.239437966293725,-0.970907550524054,3.119661112140175,-63.37676620131502,-808.6774381874601,0.0453269583806673,-0.2783120424061885,-0.9594205928036218,,
23.8395842,-56.99992848763253,-57.62523710078477,-808.3234126003179,0.0076857111273522,-0.2420326089481395,-0.9702376750313418,3.135044617515547,-63.3589940604268,-808.6514617827336,0.0450605121702373,-0.2781487115956554,-0.9594805076084832,,
23.8478185,-56.99064511558665,-57.60896287339485,-808.3223576270794,0.0055902094179989,-0.2410547918808184,-0.970495407959233,3.143851115078405,-63.294702996407416,-808.5174796433483,0.0408316434091261,-0.2790492457752876,-0.9594083048049736,,
23.8564205,-56.98525714266552,-57.59795425783848,-808.3165170122339,0.0082614836787285,-0.2449962945670944,-0.9694888155805712,3.16592549699676,-63.33494319356926,-808.6153895193127,0.0439299595248865,-0.2778743788172787,-0.9596124156413636,,
23.9895728,-56.92128776453187,-57.49370438322484,-808.3160213959741,0.0189246093606855,-0.2574817648728681,-0.9660978210918904,6.7706808845071365,-66.05820394872494,-815.7377230495565,0.0546974469987735,-0.2564417185175017,-0.9650107949114384,,
23.9978585,-56.92128776453187,-57.49370438322484,-808.3160213959741,0.0189246093606855,-0.2574817648728681,-0.9660978210918904,6.762401264137953,-66.03205296666863,-815.6536492485546,0.0495588347484783,-0.2588327057757522,-0.9646499636236844,,
24.0062671,-56.92128776453187,-57.49370438322484,-808.3160213959741,0.0189246093606855,-0.2574817648728681,-0.9660978210918904,6.764933448499299,-66.04685228529394,-815.73001330625,0.056054063307508,-0.2573962681183711,-0.9646787564497588,,
24.0146096,-56.92128776453187,-57.49370438322484,-808.3160213959741,0.0189246093606855,-0.2574817648728681,-0.9660978210918904,6.767967090561431,-66.04172335597309,-815.7123865684489,0.0518848844648724,-0.2526708547888605,-0.9661601305706696,,
24.022823,-56.92128776453187,-57.49370438322484,-808.3160213959741,0.0189246093606855,-0.2574817648728681,-0.9660978210918904,6.744591618600833,-66.03166815912735,-815.6662766622876,0.0526321283164157,-0.2562453662606478,-0.9651777926055024,,
24.0312277,-65.99860665474813,-55.27579571040924,-815.8719673292379,0.054910480095585,-0.2103819451975163,-0.9760759582689156,6.648001628465266,-66.03547272861674,-815.7539648386249,0.077189726938191,-0.2495619786279079,-0.965277454869081,,
24.0395707,-65.99860665474813,-55.27579571040924,-815.8719673292379,0.054910480095585,-0.2103819451975163,-0.9760759582689156,6.580948085556056,-65.95416841019033,-815.6663129855284,0.0624537264054288,-0.2541372160487738,-0.9651496295792972,,
24.0478218,-65.99860665474813,-55.27579571040924,-815.8719673292379,0.054910480095585,-0.2103819451975163,-0.9760759582689156,6.549745110697128,-65.92588801866204,-815.6211917705205,0.0810583759887271,-0.255957848654369,-0.9632835093544876,,
24.0561965,-65.99860665474813,-55.27579571040924,-815.8719673292379,0.054910480095585,-0.2103819451975163,-0.9760759582689156,6.550829971809712,-65.89792626628912,-815.6904492779042,0.0806269261003605,-0.2683606654359151,-0.9599384626289332,,
24.064567,-65.99860665474813,-55.27579571040924,-815.8719673292379,0.054910480095585,-0.2103819451975163,-0.9760759582689156,6.562794077284963,-65.87365481587187,-815.6372949862441,0.0829827158821991,-0.2590753573989657,-0.9622857309829612,,
24.072821,-65.99860665474813,-55.27579571040924,-815.8719673292379,0.054910480095585,-0.2103819451975163,-0.9760759582689156,6.55942349624052,-65.8829593826869,-815.5576124745692,0.0837625982171116,-0.2596780697455145,-0.9620556778238786,,
24.0812653,-65.99860665474813,-55.27579571040924,-815.8719673292379,0.054910480095585,-0.2103819451975163,-0.9760759582689156,6.557389105625571,-65.87677920089047,-815.659266555808,0.0818249629609053,-0.2598337236158614,-0.9621803944730752,,
24.0895735,-65.99860665474813,-55.27579571040924,-815.8719673292379,0.054910480095585,-0.2103819451975163,-0.9760759582689156,6.56524963299464,-65.88523670085392,-815.7146945575915,0.0791359105027772,-0.2678352007060797,-0.9602092547625388,,
24.0978215,-65.99860665474813,-55.27579571040924,-815.8719673292379,0.054910480095585,-0.2103819451975163,-0.9760759582689156,6.574009610199248,-65.87160717187807,-815.5795298032316,0.0810172910309301,-0.2555244522645566,-0.9634020203678773,,
24.1061966,-66.00364524361588,-55.26610531155263,-815.8902600678256,0.0564411706104239,-0.2126201773210478,-0.9755034876698756,6.585710039086681,-65.85538370066124,-815.6694746741078,0.0676691341223196,-0.2624532486429671,-0.9625690523613812,,
25.0478617,-73.65983551920733,-70.06262181280118,-817.1172799423808,-0.0809715073338143,-0.0572763424672078,-0.9950693622022886,3.3322919741705803,-80.89613679360646,-821.2717112040472,-0.0263016133182187,-0.7777925953864463,-0.6279704640338385,,
